Keyword,Growth (Max Reach),Max. Reach,Volume,No. of results,Difficulty
fc mobile beta,"8,066%",2079,31,198,50
fc beta,"6,963%",2354,32,48,76
skin tools pro,905%,905,25,220,0
دانلود ایتا,803%,407,19,160,59
kplus,714%,544,21,216,17
تنزيل مقاطع انستقرام,671%,390,19,43,11
tik tok notes,711%,183,13,208,65
edita,693%,234,15,220,50
face shape guide,158%,618,22,214,5
برنامج تيكتوك,902%,5521,38,232,79
lightcut,775%,10053,43,151,56
b 612,539%,0,5,213,58
free prints photobooks,530%,234,15,191,24
dizzi,507%,1498,29,113,23
ai beauty,460%,0,5,235,50
dazn live sports streaming,777%,10065,43,210,49
cimera,456%,347,18,12,30
photo clearer,567%,273,16,234,24
تيك توك لايت,567%,4622,37,223,49
photo edit body,419%,1418,28,222,22
metaai,568%,,,,
bigo live live stream go live,567%,,,,
meta ai,567%,,,,
edits,483%,,,,
alite motion,356%,,,,
bigo live stream,483%,,,,
onmy,349%,,,,
nba face scan,344%,,,,
instagram edits,409%,,,,
wuasapp,483%,,,,
تنزيل تيك توك,409%,31282,51,224,41
телеграмм х,408%,461,20,232,29
تيلومي,409%,533,21,191,19
تلقرم,408%,5354,38,193,37
adobe photoshop image editor,297%,259,16,181,67
adblock for youtube,310%,406,19,202,31
edite,408%,330,18,213,74
vsco cam,305%,304,17,226,58
beaty cam,310%,1048,26,209,26
talk it,344%,1011,26,181,66
linecamera,409%,1178,27,236,38
ageing app,278%,318,17,209,15
retro cam,345%,405,19,223,33
no contact,344%,5853,39,167,1
digital photo,0%,0,5,226,49
streamer rush,264%,176,13,190,0
toneitup,264%,301,17,165,0
edit videos free,263%,345,18,238,39
hairstyle try on men,261%,1013,26,196,4
falling filter,266%,1550,29,74,41
